<?xml version="1.0" encoding="UTF-8"?>
<beans xmlns="http://www.springframework.org/schema/beans"
	xmlns:xsi="http://www.w3.org/2001/XMLSchema-instance"
	xsi:schemaLocation="http://www.springframework.org/schema/beans http://www.springframework.org/schema/beans/spring-beans.xsd">
	
	<bean id="sbu" class="com.cg.entity.SBU">
		 <property name="sbuCode" value="Apps2-BU"></property>
		 <property name="sbuName" value="Kavita Arora"></property>
		 <property name="sbuHead" value="Learning And Development"></property>
		 <property name="empList">
		 	<list>
			 	<ref bean="emp1"></ref>
			 	<ref bean="emp2"></ref>
		 	</list>
		 </property>
	</bean>
	<bean id="emp1" class="com.cg.entity.Employee">
		 <property name="employeeId" value="1"></property>
		 <property name="name" value="Gourav"></property>
		 <property name="salary" value="32000"></property>
		 <property name="businessUnit" value="PES-BU"></property>
		 <property name="age" value="22"></property>
	</bean>
	<bean id="emp2" class="com.cg.entity.Employee">
		 <property name="employeeId" value="2"></property>
		 <property name="name" value="Mayur"></property>
		 <property name="salary" value="32000"></property>
		 <property name="businessUnit" value="Sogeti-BU"></property>
		 <property name="age" value="23"></property>
	</bean>

</beans>
