<?xml version="1.0" encoding="UTF-8"?>
<beans xmlns="http://www.springframework.org/schema/beans"
	xmlns:xsi="http://www.w3.org/2001/XMLSchema-instance"
	xsi:schemaLocation="http://www.springframework.org/schema/beans http://www.springframework.org/schema/beans/spring-beans.xsd">
	<bean id="sbu" class="com.cg.entity.SBU">
		 <property name="sbuCode" value="Apps2-BU"></property>
		 <property name="sbuName" value="Kavita Arora"></property>
		 <property name="sbuHead" value="Learning and Development"></property>
	</bean>
	<bean id="emp" class="com.cg.entity.Employee">
		 <property name="employeeId" value="12345"></property>
		 <property name="name" value="Gourav"></property>
		 <property name="salary" value="32000"></property>
		 <property name="businessUnit" value="Apps2-BU"></property>
		 <property name="age" value="30"></property>
		 <property name="sbu" ref="sbu"></property>
	</bean>
</beans>
